{"SR": {"ratio": 0.8736111111111111, "n_success": 629, "n_total": 720}, "Time": {"mean": 27.761192368839428, "std": 3.190758616636441, "q1": 25.01, "q2": 27.51, "q3": 30.01}, "Distance": {"mean": 18.40649324104229, "std": 2.1026700356879013, "q1": 16.710854804628134, "q2": 18.062517987048206, "q3": 19.83072115461043}, "Num_collision": {"mean": 0.0, "std": 0.0, "q1": 0.0, "q2": 0.0, "q3": 0.0}}