{"SR": {"ratio": 0.9513888888888888, "n_success": 685, "n_total": 720}, "Time": {"mean": 27.35598540145985, "std": 3.309685291642377, "q1": 25.01, "q2": 26.51, "q3": 29.01}, "Distance": {"mean": 18.28810265789846, "std": 2.2572048483793385, "q1": 16.52289442592761, "q2": 17.812105250568994, "q3": 19.485468975141366}, "Num_collision": {"mean": 0.0, "std": 0.0, "q1": 0.0, "q2": 0.0, "q3": 0.0}}