{"SR": {"ratio": 0.9694444444444444, "n_success": 698, "n_total": 720}, "Time": {"mean": 26.84309455587392, "std": 2.9989982844704817, "q1": 24.51, "q2": 26.01, "q3": 29.01}, "Distance": {"mean": 18.01400019676588, "std": 2.109945115725154, "q1": 16.32940726903152, "q2": 17.538242164066205, "q3": 19.38019294233066}, "Num_collision": {"mean": 0.0, "std": 0.0, "q1": 0.0, "q2": 0.0, "q3": 0.0}}