{"SR": {"ratio": 0.9902777777777778, "n_success": 713, "n_total": 720}, "Time": {"mean": 26.421640953716686, "std": 2.895911268643145, "q1": 24.01, "q2": 26.01, "q3": 28.51}, "Distance": {"mean": 17.759505654926883, "std": 2.0389473363946538, "q1": 16.191377027264572, "q2": 17.320198264114154, "q3": 19.092266410522182}, "Num_collision": {"mean": 0.0, "std": 0.0, "q1": 0.0, "q2": 0.0, "q3": 0.0}}