{"SR": {"ratio": 0.8958333333333334, "n_success": 645, "n_total": 720}, "Time": {"mean": 34.20922480620155, "std": 9.409969116788828, "q1": 29.01, "q2": 32.51, "q3": 37.51}, "Distance": {"mean": 19.03961983790663, "std": 2.4832254550683523, "q1": 17.0981815335268, "q2": 18.620028610029493, "q3": 20.549490232079542}, "Num_collision": {"mean": 0.0, "std": 0.0, "q1": 0.0, "q2": 0.0, "q3": 0.0}}