{"SR": {"ratio": 0.9541666666666667, "n_success": 687, "n_total": 720}, "Time": {"mean": 28.999082969432312, "std": 4.3766730005249, "q1": 26.01, "q2": 28.51, "q3": 31.51}, "Distance": {"mean": 18.53998126324301, "std": 2.361018978731078, "q1": 16.77722889999599, "q2": 18.027476782237976, "q3": 19.994658704797928}, "Num_collision": {"mean": 0.0, "std": 0.0, "q1": 0.0, "q2": 0.0, "q3": 0.0}}