{"SR": {"ratio": 0.9958333333333333, "n_success": 717, "n_total": 720}, "Time": {"mean": 26.76801952580195, "std": 3.163769441964134, "q1": 24.01, "q2": 26.01, "q3": 28.51}, "Distance": {"mean": 18.04136426958053, "std": 2.140373933190369, "q1": 16.323826275411562, "q2": 17.569439380345354, "q3": 19.42608055544198}, "Num_collision": {"mean": 0.0, "std": 0.0, "q1": 0.0, "q2": 0.0, "q3": 0.0}}