{"SR": {"ratio": 0.9986111111111111, "n_success": 719, "n_total": 720}, "Time": {"mean": 26.23461752433936, "std": 2.930576960434256, "q1": 24.01, "q2": 25.51, "q3": 28.01}, "Distance": {"mean": 17.80641369076396, "std": 2.031753317686589, "q1": 16.268361114379857, "q2": 17.35941724687958, "q3": 19.142729425670694}, "Num_collision": {"mean": 0.0, "std": 0.0, "q1": 0.0, "q2": 0.0, "q3": 0.0}}