{"SR": {"ratio": 0.875, "n_success": 630, "n_total": 720}, "Time": {"mean": 34.356031746031746, "std": 7.889923760808664, "q1": 29.01, "q2": 33.01, "q3": 38.01}, "Distance": {"mean": 19.114825849457915, "std": 2.4712794570179804, "q1": 17.140554786199246, "q2": 18.74814428953623, "q3": 20.828801915183423}, "Num_collision": {"mean": 0.0, "std": 0.0, "q1": 0.0, "q2": 0.0, "q3": 0.0}}