{"SR": {"ratio": 0.9652777777777778, "n_success": 695, "n_total": 720}, "Time": {"mean": 29.09920863309352, "std": 4.236441608618584, "q1": 26.01, "q2": 28.01, "q3": 31.51}, "Distance": {"mean": 18.50433992194872, "std": 2.3388025831277757, "q1": 16.744850951192888, "q2": 18.007679272283827, "q3": 20.000519122970196}, "Num_collision": {"mean": 0.0, "std": 0.0, "q1": 0.0, "q2": 0.0, "q3": 0.0}}