{"SR": {"ratio": 0.9888888888888889, "n_success": 712, "n_total": 720}, "Time": {"mean": 26.81898876404494, "std": 3.2493565637715776, "q1": 24.01, "q2": 26.51, "q3": 29.01}, "Distance": {"mean": 18.07528133090273, "std": 2.156753562486757, "q1": 16.333871220779933, "q2": 17.661169416631296, "q3": 19.476334465496887}, "Num_collision": {"mean": 0.0, "std": 0.0, "q1": 0.0, "q2": 0.0, "q3": 0.0}}