{"SR": {"ratio": 0.9986111111111111, "n_success": 719, "n_total": 720}, "Time": {"mean": 26.177593880389427, "std": 2.9001834236302506, "q1": 24.01, "q2": 25.51, "q3": 28.01}, "Distance": {"mean": 17.810468887040805, "std": 2.040973621865633, "q1": 16.28500252308875, "q2": 17.323431294728064, "q3": 19.14790011079591}, "Num_collision": {"mean": 0.0, "std": 0.0, "q1": 0.0, "q2": 0.0, "q3": 0.0}}