{"SR": {"ratio": 0.8763888888888889, "n_success": 631, "n_total": 720}, "Time": {"mean": 36.12172741679873, "std": 8.831300875068386, "q1": 30.51, "q2": 34.51, "q3": 39.51}, "Distance": {"mean": 19.298732089657523, "std": 2.499423893496091, "q1": 17.308921921237502, "q2": 18.947469189119087, "q3": 20.83537529623868}, "Num_collision": {"mean": 0.0, "std": 0.0, "q1": 0.0, "q2": 0.0, "q3": 0.0}}