{"SR": {"ratio": 0.975, "n_success": 702, "n_total": 720}, "Time": {"mean": 29.870398860398854, "std": 4.37045557032587, "q1": 26.51, "q2": 29.01, "q3": 32.51}, "Distance": {"mean": 18.662503601105445, "std": 2.351141344279925, "q1": 16.86225405061034, "q2": 18.213977166516923, "q3": 20.053172237834215}, "Num_collision": {"mean": 0.0, "std": 0.0, "q1": 0.0, "q2": 0.0, "q3": 0.0}}