{"SR": {"ratio": 0.9875, "n_success": 711, "n_total": 720}, "Time": {"mean": 27.19073136427567, "std": 3.2263476713351773, "q1": 24.51, "q2": 26.51, "q3": 29.51}, "Distance": {"mean": 18.155359871720115, "std": 2.1374956507510587, "q1": 16.464666263173488, "q2": 17.68419776337298, "q3": 19.57120433000693}, "Num_collision": {"mean": 0.0, "std": 0.0, "q1": 0.0, "q2": 0.0, "q3": 0.0}}