{"SR": {"ratio": 0.9986111111111111, "n_success": 719, "n_total": 720}, "Time": {"mean": 26.48009735744089, "std": 3.0019944907296745, "q1": 24.01, "q2": 26.01, "q3": 28.51}, "Distance": {"mean": 17.894103714811326, "std": 2.053902159575235, "q1": 16.345423683288374, "q2": 17.3933519780125, "q3": 19.2694297826323}, "Num_collision": {"mean": 0.0, "std": 0.0, "q1": 0.0, "q2": 0.0, "q3": 0.0}}