{"SR": {"ratio": 0.8444444444444444, "n_success": 608, "n_total": 720}, "Time": {"mean": 35.778092105263156, "std": 8.560283615071638, "q1": 30.01, "q2": 34.01, "q3": 39.51}, "Distance": {"mean": 18.970846805007078, "std": 2.448742435055823, "q1": 16.984805270862218, "q2": 18.55173695465689, "q3": 20.687430797325895}, "Num_collision": {"mean": 0.0, "std": 0.0, "q1": 0.0, "q2": 0.0, "q3": 0.0}}