{"SR": {"ratio": 0.9444444444444444, "n_success": 680, "n_total": 720}, "Time": {"mean": 30.504852941176463, "std": 8.01530998128087, "q1": 26.51, "q2": 29.01, "q3": 33.01}, "Distance": {"mean": 18.576630794354184, "std": 2.4023902917453137, "q1": 16.74850780111324, "q2": 18.13574939256332, "q3": 19.91667468371702}, "Num_collision": {"mean": 0.0, "std": 0.0, "q1": 0.0, "q2": 0.0, "q3": 0.0}}