{"SR": {"ratio": 0.9847222222222223, "n_success": 709, "n_total": 720}, "Time": {"mean": 28.646107193229895, "std": 11.407543074950244, "q1": 24.51, "q2": 26.51, "q3": 30.01}, "Distance": {"mean": 18.188197489091518, "std": 2.2357299801131525, "q1": 16.420655913807128, "q2": 17.772876243832744, "q3": 19.584743534830775}, "Num_collision": {"mean": 0.0, "std": 0.0, "q1": 0.0, "q2": 0.0, "q3": 0.0}}