{"SR": {"ratio": 0.9638888888888889, "n_success": 694, "n_total": 720}, "Time": {"mean": 29.08925072046109, "std": 13.803146762013398, "q1": 24.01, "q2": 26.01, "q3": 29.01}, "Distance": {"mean": 17.96756477484485, "std": 2.2004411906753063, "q1": 16.23712621160646, "q2": 17.478361006888235, "q3": 19.303896120552942}, "Num_collision": {"mean": 0.0, "std": 0.0, "q1": 0.0, "q2": 0.0, "q3": 0.0}}