{"SR": {"ratio": 0.9013888888888889, "n_success": 649, "n_total": 720}, "Time": {"mean": 33.79659476117103, "std": 7.0967551966475195, "q1": 29.01, "q2": 32.51, "q3": 37.01}, "Distance": {"mean": 18.993590564363814, "std": 2.3783240266565997, "q1": 17.255720430348795, "q2": 18.5677267073411, "q3": 20.4128311365065}, "Num_collision": {"mean": 0.0, "std": 0.0, "q1": 0.0, "q2": 0.0, "q3": 0.0}}