{"SR": {"ratio": 0.975, "n_success": 702, "n_total": 720}, "Time": {"mean": 29.02566951566951, "std": 4.285207384657892, "q1": 26.01, "q2": 28.01, "q3": 31.51}, "Distance": {"mean": 18.485160691569206, "std": 2.3176951646971706, "q1": 16.739219308289762, "q2": 17.95383048267219, "q3": 19.884755960292164}, "Num_collision": {"mean": 0.0, "std": 0.0, "q1": 0.0, "q2": 0.0, "q3": 0.0}}