{"SR": {"ratio": 0.9930555555555556, "n_success": 715, "n_total": 720}, "Time": {"mean": 26.816993006993005, "std": 3.173836449967122, "q1": 24.51, "q2": 26.01, "q3": 29.01}, "Distance": {"mean": 18.056400456009314, "std": 2.1331476018034503, "q1": 16.35466069954362, "q2": 17.63909669563923, "q3": 19.447468673509146}, "Num_collision": {"mean": 0.0, "std": 0.0, "q1": 0.0, "q2": 0.0, "q3": 0.0}}