{"SR": {"ratio": 0.9986111111111111, "n_success": 719, "n_total": 720}, "Time": {"mean": 26.189415855354657, "std": 2.9253235510836544, "q1": 24.01, "q2": 25.51, "q3": 28.01}, "Distance": {"mean": 17.79787589549965, "std": 2.027073127734725, "q1": 16.240099676430855, "q2": 17.334094897256456, "q3": 19.128282294511386}, "Num_collision": {"mean": 0.0, "std": 0.0, "q1": 0.0, "q2": 0.0, "q3": 0.0}}