{"SR": {"ratio": 0.8333333333333334, "n_success": 600, "n_total": 720}, "Time": {"mean": 35.73166666666667, "std": 8.726923697513472, "q1": 30.51, "q2": 34.01, "q3": 39.01}, "Distance": {"mean": 18.993120836809492, "std": 2.457315374075811, "q1": 17.01630524299488, "q2": 18.611296940536477, "q3": 20.5088576213568}, "Num_collision": {"mean": 0.0, "std": 0.0, "q1": 0.0, "q2": 0.0, "q3": 0.0}}