{"SR": {"ratio": 0.9305555555555556, "n_success": 670, "n_total": 720}, "Time": {"mean": 30.63164179104477, "std": 8.028664708780326, "q1": 26.01, "q2": 29.01, "q3": 33.01}, "Distance": {"mean": 18.589712399128704, "std": 2.3929904774201924, "q1": 16.779184261368112, "q2": 18.122655777210756, "q3": 20.08722371290939}, "Num_collision": {"mean": 0.0, "std": 0.0, "q1": 0.0, "q2": 0.0, "q3": 0.0}}