{"SR": {"ratio": 0.9833333333333333, "n_success": 708, "n_total": 720}, "Time": {"mean": 28.629350282485866, "std": 10.240998865831278, "q1": 24.51, "q2": 27.01, "q3": 30.01}, "Distance": {"mean": 18.18574961776649, "std": 2.2102025425592298, "q1": 16.437149861826533, "q2": 17.763174753662973, "q3": 19.494310552832694}, "Num_collision": {"mean": 0.0, "std": 0.0, "q1": 0.0, "q2": 0.0, "q3": 0.0}}