{"SR": {"ratio": 0.9611111111111111, "n_success": 692, "n_total": 720}, "Time": {"mean": 28.872716763005776, "std": 14.180807986943176, "q1": 24.01, "q2": 26.01, "q3": 29.01}, "Distance": {"mean": 17.969827034696582, "std": 2.230511521846939, "q1": 16.251527293306587, "q2": 17.42039982189523, "q3": 19.363327352487413}, "Num_collision": {"mean": 0.0, "std": 0.0, "q1": 0.0, "q2": 0.0, "q3": 0.0}}