{"SR": {"ratio": 0.9013888888888889, "n_success": 649, "n_total": 720}, "Time": {"mean": 34.3713251155624, "std": 10.189991710683154, "q1": 29.01, "q2": 32.51, "q3": 37.01}, "Distance": {"mean": 19.019710511403975, "std": 2.5070165275699243, "q1": 17.064142781027545, "q2": 18.633811248275855, "q3": 20.490320555197165}, "Num_collision": {"mean": 0.0, "std": 0.0, "q1": 0.0, "q2": 0.0, "q3": 0.0}}