{"SR": {"ratio": 0.9708333333333333, "n_success": 699, "n_total": 720}, "Time": {"mean": 28.912002861230327, "std": 4.091852611119075, "q1": 25.76, "q2": 28.01, "q3": 31.759999999999998}, "Distance": {"mean": 18.472307425969593, "std": 2.3140825145438857, "q1": 16.772947014973532, "q2": 17.953121875530883, "q3": 19.90294336292479}, "Num_collision": {"mean": 0.0, "std": 0.0, "q1": 0.0, "q2": 0.0, "q3": 0.0}}