{"SR": {"ratio": 0.9958333333333333, "n_success": 717, "n_total": 720}, "Time": {"mean": 26.84751743375174, "std": 3.1546208787219934, "q1": 24.51, "q2": 26.01, "q3": 29.01}, "Distance": {"mean": 18.068282189934788, "std": 2.127740013066935, "q1": 16.33909776452101, "q2": 17.667171968089832, "q3": 19.44739476740703}, "Num_collision": {"mean": 0.0, "std": 0.0, "q1": 0.0, "q2": 0.0, "q3": 0.0}}