{"SR": {"ratio": 0.9972222222222222, "n_success": 718, "n_total": 720}, "Time": {"mean": 26.25442896935933, "std": 2.9792347066243714, "q1": 24.01, "q2": 25.51, "q3": 28.01}, "Distance": {"mean": 17.82116543637035, "std": 2.0427526424319526, "q1": 16.249083940432126, "q2": 17.363268845629392, "q3": 19.164915097829315}, "Num_collision": {"mean": 0.0, "std": 0.0, "q1": 0.0, "q2": 0.0, "q3": 0.0}}