{"SR": {"ratio": 0.8541666666666666, "n_success": 615, "n_total": 720}, "Time": {"mean": 27.703495934959353, "std": 3.229557090059092, "q1": 25.01, "q2": 27.01, "q3": 30.01}, "Distance": {"mean": 18.35971343634392, "std": 2.108414178492838, "q1": 16.694460512312784, "q2": 18.065106681234116, "q3": 19.710910803157518}, "Num_collision": {"mean": 0.0, "std": 0.0, "q1": 0.0, "q2": 0.0, "q3": 0.0}}