{"SR": {"ratio": 0.9333333333333333, "n_success": 672, "n_total": 720}, "Time": {"mean": 27.379791666666662, "std": 3.304230867125341, "q1": 25.01, "q2": 27.01, "q3": 29.51}, "Distance": {"mean": 18.307054030591626, "std": 2.2392027379192427, "q1": 16.544194202137344, "q2": 17.85388154083334, "q3": 19.530352134390682}, "Num_collision": {"mean": 0.0, "std": 0.0, "q1": 0.0, "q2": 0.0, "q3": 0.0}}