{"SR": {"ratio": 0.975, "n_success": 702, "n_total": 720}, "Time": {"mean": 26.851168091168088, "std": 2.984656928885021, "q1": 24.51, "q2": 26.51, "q3": 29.01}, "Distance": {"mean": 18.02529620962507, "std": 2.102232696198102, "q1": 16.344251224118395, "q2": 17.59262912308273, "q3": 19.42809588984852}, "Num_collision": {"mean": 0.0, "std": 0.0, "q1": 0.0, "q2": 0.0, "q3": 0.0}}