{"SR": {"ratio": 0.9861111111111112, "n_success": 710, "n_total": 720}, "Time": {"mean": 26.44169014084507, "std": 2.90117435470219, "q1": 24.01, "q2": 26.01, "q3": 28.51}, "Distance": {"mean": 17.769653014749476, "std": 2.033462458118539, "q1": 16.199549981115577, "q2": 17.332886496704813, "q3": 19.137197215234146}, "Num_collision": {"mean": 0.0, "std": 0.0, "q1": 0.0, "q2": 0.0, "q3": 0.0}}