{"SR": {"ratio": 0.9111111111111111, "n_success": 656, "n_total": 720}, "Time": {"mean": 36.86365853658536, "std": 8.122391815852765, "q1": 31.01, "q2": 35.01, "q3": 41.51}, "Distance": {"mean": 19.305845595785538, "std": 2.5105164120548684, "q1": 17.365244820989222, "q2": 18.907055126576864, "q3": 20.86786390419721}, "Num_collision": {"mean": 0.0, "std": 0.0, "q1": 0.0, "q2": 0.0, "q3": 0.0}}