{"SR": {"ratio": 0.9777777777777777, "n_success": 704, "n_total": 720}, "Time": {"mean": 29.793380681818178, "std": 4.928352509445126, "q1": 26.01, "q2": 29.01, "q3": 32.51}, "Distance": {"mean": 18.620226607968007, "std": 2.3736482169582525, "q1": 16.84711592579868, "q2": 18.072600255219207, "q3": 20.02469113474733}, "Num_collision": {"mean": 0.0, "std": 0.0, "q1": 0.0, "q2": 0.0, "q3": 0.0}}