{"SR": {"ratio": 0.9972222222222222, "n_success": 718, "n_total": 720}, "Time": {"mean": 26.92225626740947, "std": 3.2632784548916263, "q1": 24.51, "q2": 26.51, "q3": 29.01}, "Distance": {"mean": 18.09277928310105, "std": 2.1587175225012927, "q1": 16.397131617017383, "q2": 17.672567787889367, "q3": 19.427033256322602}, "Num_collision": {"mean": 0.0, "std": 0.0, "q1": 0.0, "q2": 0.0, "q3": 0.0}}