{"SR": {"ratio": 0.9986111111111111, "n_success": 719, "n_total": 720}, "Time": {"mean": 26.249221140472876, "std": 2.9530055794880763, "q1": 24.01, "q2": 25.51, "q3": 28.01}, "Distance": {"mean": 17.80231845681572, "std": 2.0314207374869677, "q1": 16.235774760643356, "q2": 17.32909809918111, "q3": 19.1504007548441}, "Num_collision": {"mean": 0.0, "std": 0.0, "q1": 0.0, "q2": 0.0, "q3": 0.0}}