{"SR": {"ratio": 0.8638888888888889, "n_success": 622, "n_total": 720}, "Time": {"mean": 34.0091961414791, "std": 6.700140325601425, "q1": 29.135, "q2": 33.01, "q3": 37.01}, "Distance": {"mean": 19.044622189162276, "std": 2.3938793026341982, "q1": 17.144131651258625, "q2": 18.610241530708585, "q3": 20.6625421399905}, "Num_collision": {"mean": 0.0, "std": 0.0, "q1": 0.0, "q2": 0.0, "q3": 0.0}}