{"SR": {"ratio": 0.9541666666666667, "n_success": 687, "n_total": 720}, "Time": {"mean": 29.359344978165936, "std": 4.8024522492036175, "q1": 26.01, "q2": 28.51, "q3": 32.01}, "Distance": {"mean": 18.56723012893388, "std": 2.3688237265977357, "q1": 16.72670102947541, "q2": 18.04313858197397, "q3": 19.937907794744735}, "Num_collision": {"mean": 0.0, "std": 0.0, "q1": 0.0, "q2": 0.0, "q3": 0.0}}