{"SR": {"ratio": 0.9902777777777778, "n_success": 713, "n_total": 720}, "Time": {"mean": 26.923744740532957, "std": 3.18887558422163, "q1": 24.51, "q2": 26.51, "q3": 29.01}, "Distance": {"mean": 18.099419016212348, "std": 2.140682893757591, "q1": 16.38298315762219, "q2": 17.614903035680065, "q3": 19.461570681840477}, "Num_collision": {"mean": 0.0, "std": 0.0, "q1": 0.0, "q2": 0.0, "q3": 0.0}}