{"SR": {"ratio": 0.9986111111111111, "n_success": 719, "n_total": 720}, "Time": {"mean": 26.254089012517383, "std": 3.0154706287871815, "q1": 24.01, "q2": 25.51, "q3": 28.51}, "Distance": {"mean": 17.822246076898594, "std": 2.0404516941164235, "q1": 16.285543773279805, "q2": 17.356342890983818, "q3": 19.1566134542963}, "Num_collision": {"mean": 0.0, "std": 0.0, "q1": 0.0, "q2": 0.0, "q3": 0.0}}