{"SR": {"ratio": 0.8041666666666667, "n_success": 579, "n_total": 720}, "Time": {"mean": 40.93314335060449, "std": 9.276488924627813, "q1": 35.01, "q2": 39.01, "q3": 46.01}, "Distance": {"mean": 20.18571029458508, "std": 2.743483926438109, "q1": 17.97268076662621, "q2": 19.793054176680158, "q3": 22.04715276492312}, "Num_collision": {"mean": 0.0, "std": 0.0, "q1": 0.0, "q2": 0.0, "q3": 0.0}}