{"SR": {"ratio": 0.9430555555555555, "n_success": 679, "n_total": 720}, "Time": {"mean": 32.34505154639175, "std": 6.16531293714716, "q1": 28.01, "q2": 31.01, "q3": 35.51}, "Distance": {"mean": 19.03255022631179, "std": 2.5104838248386128, "q1": 17.163635163736608, "q2": 18.53573474452418, "q3": 20.54753728439616}, "Num_collision": {"mean": 0.0, "std": 0.0, "q1": 0.0, "q2": 0.0, "q3": 0.0}}