{"SR": {"ratio": 0.9888888888888889, "n_success": 712, "n_total": 720}, "Time": {"mean": 28.78668539325842, "std": 3.515314204619889, "q1": 26.01, "q2": 28.01, "q3": 31.01}, "Distance": {"mean": 18.424839528187704, "std": 2.210874253054989, "q1": 16.603655184857093, "q2": 17.995749901382197, "q3": 19.879706676064394}, "Num_collision": {"mean": 0.0, "std": 0.0, "q1": 0.0, "q2": 0.0, "q3": 0.0}}