{"SR": {"ratio": 0.9958333333333333, "n_success": 717, "n_total": 720}, "Time": {"mean": 27.614602510460248, "std": 3.1605471543398, "q1": 25.51, "q2": 27.01, "q3": 29.51}, "Distance": {"mean": 18.097667238854406, "std": 2.092238408637843, "q1": 16.559903338695523, "q2": 17.634182236180187, "q3": 19.483480113922784}, "Num_collision": {"mean": 0.0, "std": 0.0, "q1": 0.0, "q2": 0.0, "q3": 0.0}}