{"SR": {"ratio": 0.8, "n_success": 576, "n_total": 720}, "Time": {"mean": 32.68881944444444, "std": 4.795031716458623, "q1": 29.51, "q2": 32.01, "q3": 35.51}, "Distance": {"mean": 19.253926745470885, "std": 2.3871352147792457, "q1": 17.41706524278451, "q2": 18.765966061405116, "q3": 20.753057578164068}, "Num_collision": {"mean": 0.0, "std": 0.0, "q1": 0.0, "q2": 0.0, "q3": 0.0}}