{"SR": {"ratio": 0.8958333333333334, "n_success": 645, "n_total": 720}, "Time": {"mean": 30.951860465116276, "std": 4.251049987477668, "q1": 28.01, "q2": 30.01, "q3": 33.51}, "Distance": {"mean": 19.05469658037265, "std": 2.440935957565977, "q1": 17.22625338934218, "q2": 18.512900633849192, "q3": 20.541797064056247}, "Num_collision": {"mean": 0.0, "std": 0.0, "q1": 0.0, "q2": 0.0, "q3": 0.0}}