{"SR": {"ratio": 0.9541666666666667, "n_success": 687, "n_total": 720}, "Time": {"mean": 29.29748180494905, "std": 3.559633860667759, "q1": 26.51, "q2": 28.51, "q3": 32.01}, "Distance": {"mean": 18.607812678970895, "std": 2.194580856323469, "q1": 16.89397054710021, "q2": 18.1275803439842, "q3": 19.98088385407471}, "Num_collision": {"mean": 0.0, "std": 0.0, "q1": 0.0, "q2": 0.0, "q3": 0.0}}