{"SR": {"ratio": 0.9708333333333333, "n_success": 699, "n_total": 720}, "Time": {"mean": 28.657353361945635, "std": 3.3724081562187926, "q1": 26.01, "q2": 28.01, "q3": 31.01}, "Distance": {"mean": 18.31640829680036, "std": 2.1441745429825945, "q1": 16.656631937414534, "q2": 17.829876100499497, "q3": 19.674460361280246}, "Num_collision": {"mean": 0.0, "std": 0.0, "q1": 0.0, "q2": 0.0, "q3": 0.0}}