{"SR": {"ratio": 0.8083333333333333, "n_success": 582, "n_total": 720}, "Time": {"mean": 40.820996563573885, "std": 9.361186007884632, "q1": 34.51, "q2": 39.51, "q3": 45.51}, "Distance": {"mean": 20.061070526137833, "std": 2.736406538534325, "q1": 17.972453569621045, "q2": 19.641415060879865, "q3": 21.925903258433266}, "Num_collision": {"mean": 0.0, "std": 0.0, "q1": 0.0, "q2": 0.0, "q3": 0.0}}