{"SR": {"ratio": 0.9416666666666667, "n_success": 678, "n_total": 720}, "Time": {"mean": 32.430353982300886, "std": 5.5388410120441645, "q1": 28.51, "q2": 31.51, "q3": 35.51}, "Distance": {"mean": 19.045267310304098, "std": 2.4230688743458897, "q1": 17.23727315325769, "q2": 18.636666288644623, "q3": 20.457030379718184}, "Num_collision": {"mean": 0.0, "std": 0.0, "q1": 0.0, "q2": 0.0, "q3": 0.0}}