{"SR": {"ratio": 0.9847222222222223, "n_success": 709, "n_total": 720}, "Time": {"mean": 28.74131170662905, "std": 3.469607083617199, "q1": 26.01, "q2": 28.51, "q3": 31.01}, "Distance": {"mean": 18.437774411954646, "std": 2.177337184412281, "q1": 16.690523376871752, "q2": 17.958209033914034, "q3": 19.865600140937552}, "Num_collision": {"mean": 0.0, "std": 0.0, "q1": 0.0, "q2": 0.0, "q3": 0.0}}