{"SR": {"ratio": 0.9944444444444445, "n_success": 716, "n_total": 720}, "Time": {"mean": 27.742541899441335, "std": 3.2455452438394197, "q1": 25.385, "q2": 27.01, "q3": 29.635}, "Distance": {"mean": 18.117948636362073, "std": 2.0820967608391507, "q1": 16.489855814751184, "q2": 17.642176263888018, "q3": 19.41779073393016}, "Num_collision": {"mean": 0.0, "std": 0.0, "q1": 0.0, "q2": 0.0, "q3": 0.0}}