{"SR": {"ratio": 0.8777777777777778, "n_success": 632, "n_total": 720}, "Time": {"mean": 34.0851582278481, "std": 7.3736380403195465, "q1": 29.01, "q2": 33.01, "q3": 37.01}, "Distance": {"mean": 19.000563135391296, "std": 2.3376323648971264, "q1": 17.234755217384922, "q2": 18.661094558952136, "q3": 20.414950037546923}, "Num_collision": {"mean": 0.0, "std": 0.0, "q1": 0.0, "q2": 0.0, "q3": 0.0}}