{"SR": {"ratio": 0.9666666666666667, "n_success": 696, "n_total": 720}, "Time": {"mean": 29.08830459770115, "std": 4.411564348298033, "q1": 26.01, "q2": 28.01, "q3": 31.51}, "Distance": {"mean": 18.49342146505222, "std": 2.3461560054478015, "q1": 16.74359881209034, "q2": 18.047078139839936, "q3": 19.917100726453143}, "Num_collision": {"mean": 0.0, "std": 0.0, "q1": 0.0, "q2": 0.0, "q3": 0.0}}