{"SR": {"ratio": 0.9916666666666667, "n_success": 714, "n_total": 720}, "Time": {"mean": 26.86084033613445, "std": 3.181895673674563, "q1": 24.51, "q2": 26.51, "q3": 29.01}, "Distance": {"mean": 18.07367017385553, "std": 2.14798317081974, "q1": 16.330599574951325, "q2": 17.611101313034077, "q3": 19.447439557165517}, "Num_collision": {"mean": 0.0, "std": 0.0, "q1": 0.0, "q2": 0.0, "q3": 0.0}}