{"SR": {"ratio": 1.0, "n_success": 720, "n_total": 720}, "Time": {"mean": 26.18083333333333, "std": 2.8907149010044018, "q1": 24.01, "q2": 25.51, "q3": 28.01}, "Distance": {"mean": 17.806068153878822, "std": 2.03124861258368, "q1": 16.238022607953607, "q2": 17.32703763748362, "q3": 19.13730384831536}, "Num_collision": {"mean": 0.0, "std": 0.0, "q1": 0.0, "q2": 0.0, "q3": 0.0}}