{"SR": {"ratio": 0.8125, "n_success": 585, "n_total": 720}, "Time": {"mean": 32.63735042735043, "std": 4.6997476551938195, "q1": 29.01, "q2": 32.01, "q3": 35.51}, "Distance": {"mean": 19.222724948928025, "std": 2.4078163163561173, "q1": 17.251100156712937, "q2": 18.81877273712024, "q3": 20.831241943558727}, "Num_collision": {"mean": 0.0, "std": 0.0, "q1": 0.0, "q2": 0.0, "q3": 0.0}}