{"SR": {"ratio": 0.875, "n_success": 630, "n_total": 720}, "Time": {"mean": 30.68857142857143, "std": 4.106452668026166, "q1": 27.51, "q2": 30.01, "q3": 33.01}, "Distance": {"mean": 18.999153992116664, "std": 2.367977075898997, "q1": 17.235455486892178, "q2": 18.486455250887026, "q3": 20.328218696269136}, "Num_collision": {"mean": 0.0, "std": 0.0, "q1": 0.0, "q2": 0.0, "q3": 0.0}}