{"SR": {"ratio": 0.9583333333333334, "n_success": 690, "n_total": 720}, "Time": {"mean": 29.272318840579707, "std": 3.4746536246630617, "q1": 26.51, "q2": 29.01, "q3": 31.51}, "Distance": {"mean": 18.632658609475087, "std": 2.2017385664669096, "q1": 16.915532701582766, "q2": 18.199131526157466, "q3": 20.128085656356188}, "Num_collision": {"mean": 0.0, "std": 0.0, "q1": 0.0, "q2": 0.0, "q3": 0.0}}