{"SR": {"ratio": 0.9736111111111111, "n_success": 701, "n_total": 720}, "Time": {"mean": 28.532111269614834, "std": 3.269822087522918, "q1": 26.01, "q2": 28.01, "q3": 30.51}, "Distance": {"mean": 18.283323757064483, "std": 2.0543668769365766, "q1": 16.689359632756275, "q2": 17.83369938335083, "q3": 19.62091756574553}, "Num_collision": {"mean": 0.0, "std": 0.0, "q1": 0.0, "q2": 0.0, "q3": 0.0}}