{"SR": {"ratio": 0.8416666666666667, "n_success": 606, "n_total": 720}, "Time": {"mean": 36.311155115511546, "std": 9.750288917731591, "q1": 30.51, "q2": 34.51, "q3": 39.51}, "Distance": {"mean": 19.38088349847235, "std": 2.6154877997535997, "q1": 17.420189599172073, "q2": 18.878643469944553, "q3": 20.999568394498517}, "Num_collision": {"mean": 0.0, "std": 0.0, "q1": 0.0, "q2": 0.0, "q3": 0.0}}