{"SR": {"ratio": 0.9611111111111111, "n_success": 692, "n_total": 720}, "Time": {"mean": 30.00494219653179, "std": 4.623737493312458, "q1": 26.51, "q2": 29.01, "q3": 32.51}, "Distance": {"mean": 18.68622431736117, "std": 2.357516541786011, "q1": 16.978308972918242, "q2": 18.251829265691086, "q3": 20.09001672567351}, "Num_collision": {"mean": 0.0, "std": 0.0, "q1": 0.0, "q2": 0.0, "q3": 0.0}}