{"SR": {"ratio": 0.9888888888888889, "n_success": 712, "n_total": 720}, "Time": {"mean": 27.333735955056174, "std": 3.468078520868505, "q1": 24.51, "q2": 26.51, "q3": 29.51}, "Distance": {"mean": 18.190917729972647, "std": 2.1617849565722542, "q1": 16.453654596802274, "q2": 17.772111386362823, "q3": 19.565614508244952}, "Num_collision": {"mean": 0.0, "std": 0.0, "q1": 0.0, "q2": 0.0, "q3": 0.0}}