{"SR": {"ratio": 0.9944444444444445, "n_success": 716, "n_total": 720}, "Time": {"mean": 26.454832402234633, "std": 2.987069638923222, "q1": 24.385, "q2": 26.01, "q3": 28.51}, "Distance": {"mean": 17.88282257138668, "std": 2.053412647597463, "q1": 16.314826576677206, "q2": 17.399212885033364, "q3": 19.22856736651375}, "Num_collision": {"mean": 0.0, "std": 0.0, "q1": 0.0, "q2": 0.0, "q3": 0.0}}