{"SR": {"ratio": 0.8569444444444444, "n_success": 617, "n_total": 720}, "Time": {"mean": 34.48001620745543, "std": 7.600402541996417, "q1": 29.51, "q2": 32.51, "q3": 38.51}, "Distance": {"mean": 19.080604442568802, "std": 2.4179431749815796, "q1": 17.212956952963893, "q2": 18.6848032643757, "q3": 20.60907859667526}, "Num_collision": {"mean": 0.0, "std": 0.0, "q1": 0.0, "q2": 0.0, "q3": 0.0}}