{"SR": {"ratio": 0.9680555555555556, "n_success": 697, "n_total": 720}, "Time": {"mean": 29.30770444763271, "std": 4.334966159354559, "q1": 26.01, "q2": 28.51, "q3": 32.51}, "Distance": {"mean": 18.543112467390994, "std": 2.339607024203705, "q1": 16.735262771209303, "q2": 18.11210452134874, "q3": 19.914493618158225}, "Num_collision": {"mean": 0.0, "std": 0.0, "q1": 0.0, "q2": 0.0, "q3": 0.0}}