{"SR": {"ratio": 0.9958333333333333, "n_success": 717, "n_total": 720}, "Time": {"mean": 26.947935843793584, "std": 3.277387159007345, "q1": 24.51, "q2": 26.51, "q3": 29.01}, "Distance": {"mean": 18.100281159045082, "std": 2.13777936255955, "q1": 16.353624492748782, "q2": 17.671742408543636, "q3": 19.45177417294219}, "Num_collision": {"mean": 0.0, "std": 0.0, "q1": 0.0, "q2": 0.0, "q3": 0.0}}