{"SR": {"ratio": 0.9986111111111111, "n_success": 719, "n_total": 720}, "Time": {"mean": 26.230445062586924, "std": 2.9274513538536167, "q1": 24.01, "q2": 25.51, "q3": 28.01}, "Distance": {"mean": 17.831267277578633, "std": 2.044833291944353, "q1": 16.24907127050436, "q2": 17.346637830173364, "q3": 19.169688004779726}, "Num_collision": {"mean": 0.0, "std": 0.0, "q1": 0.0, "q2": 0.0, "q3": 0.0}}