{"SR": {"ratio": 0.8208333333333333, "n_success": 591, "n_total": 720}, "Time": {"mean": 40.26380710659898, "std": 8.647146662594343, "q1": 34.01, "q2": 39.01, "q3": 45.01}, "Distance": {"mean": 19.94512846721037, "std": 2.6958066686186575, "q1": 17.774223977295556, "q2": 19.58495503691167, "q3": 21.670485716332763}, "Num_collision": {"mean": 0.0, "std": 0.0, "q1": 0.0, "q2": 0.0, "q3": 0.0}}