{"SR": {"ratio": 0.9444444444444444, "n_success": 680, "n_total": 720}, "Time": {"mean": 32.58426470588235, "std": 6.23787053978417, "q1": 28.51, "q2": 31.51, "q3": 35.51}, "Distance": {"mean": 19.050987716220085, "std": 2.4744154914804444, "q1": 17.176625228086497, "q2": 18.533913402582172, "q3": 20.702618397837927}, "Num_collision": {"mean": 0.0, "std": 0.0, "q1": 0.0, "q2": 0.0, "q3": 0.0}}