{"SR": {"ratio": 0.9861111111111112, "n_success": 710, "n_total": 720}, "Time": {"mean": 28.75788732394366, "std": 3.5514075430172576, "q1": 26.01, "q2": 28.01, "q3": 31.01}, "Distance": {"mean": 18.415174330979287, "std": 2.1873517897903256, "q1": 16.74061906583626, "q2": 17.89901429486875, "q3": 19.840762771501062}, "Num_collision": {"mean": 0.0, "std": 0.0, "q1": 0.0, "q2": 0.0, "q3": 0.0}}