{"SR": {"ratio": 0.9930555555555556, "n_success": 715, "n_total": 720}, "Time": {"mean": 27.66384615384615, "std": 3.3099926949567453, "q1": 25.01, "q2": 27.01, "q3": 30.01}, "Distance": {"mean": 18.107269971704035, "std": 2.101220645689375, "q1": 16.486673133606175, "q2": 17.598271973355974, "q3": 19.424908390045175}, "Num_collision": {"mean": 0.0, "std": 0.0, "q1": 0.0, "q2": 0.0, "q3": 0.0}}