{"Collision": {"success": 575, "fail": 55, "safe": 0.9126984126984127}, "No collision": {"success": 264, "fail": 6, "safe": 0.9777777777777777}}