{"Collision": {"success": 394, "fail": 23, "safe": 0.9448441247002398}, "No collision": {"success": 479, "fail": 4, "safe": 0.9917184265010351}}