{"Collision": {"success": 276, "fail": 11, "safe": 0.9616724738675958}, "No collision": {"success": 611, "fail": 2, "safe": 0.9967373572593801}}