{"SR": {"ratio": 0.8888888888888888, "n_success": 640, "n_total": 720}, "Time": {"mean": 36.837343749999995, "std": 8.471429141197836, "q1": 31.01, "q2": 35.01, "q3": 41.01}, "Distance": {"mean": 19.319023092971584, "std": 2.535979784331258, "q1": 17.325692551388855, "q2": 18.869897059601193, "q3": 21.03219933320748}, "Num_collision": {"mean": 0.0, "std": 0.0, "q1": 0.0, "q2": 0.0, "q3": 0.0}}