{"SR": {"ratio": 0.9777777777777777, "n_success": 704, "n_total": 720}, "Time": {"mean": 29.791249999999994, "std": 4.72395859435033, "q1": 26.51, "q2": 29.01, "q3": 32.51}, "Distance": {"mean": 18.59197253149522, "std": 2.3674409742771743, "q1": 16.86349818006062, "q2": 18.045154671472588, "q3": 19.964460197394466}, "Num_collision": {"mean": 0.0, "std": 0.0, "q1": 0.0, "q2": 0.0, "q3": 0.0}}