{"SR": {"ratio": 0.9972222222222222, "n_success": 718, "n_total": 720}, "Time": {"mean": 26.919470752089136, "std": 3.210275892760679, "q1": 24.51, "q2": 26.51, "q3": 29.01}, "Distance": {"mean": 18.086583580712222, "std": 2.1344335572687974, "q1": 16.393299765605057, "q2": 17.657821856366446, "q3": 19.4722636605994}, "Num_collision": {"mean": 0.0, "std": 0.0, "q1": 0.0, "q2": 0.0, "q3": 0.0}}