{"SR": {"ratio": 1.0, "n_success": 720, "n_total": 720}, "Time": {"mean": 26.194027777777773, "std": 2.9279226422889644, "q1": 24.01, "q2": 25.51, "q3": 28.01}, "Distance": {"mean": 17.79720398002577, "std": 2.034065966976325, "q1": 16.23396497021114, "q2": 17.32339503444377, "q3": 19.110263298641648}, "Num_collision": {"mean": 0.0, "std": 0.0, "q1": 0.0, "q2": 0.0, "q3": 0.0}}