{"Collision": {"success": 597, "fail": 46, "safe": 0.9284603421461898}, "No collision": {"success": 256, "fail": 1, "safe": 0.9961089494163424}}