{"Collision": {"success": 394, "fail": 18, "safe": 0.9563106796116505}, "No collision": {"success": 484, "fail": 4, "safe": 0.9918032786885246}}