{"Collision": {"success": 254, "fail": 8, "safe": 0.9694656488549618}, "No collision": {"success": 637, "fail": 1, "safe": 0.9984326018808778}}