{"SR": {"ratio": 0.8611111111111112, "n_success": 620, "n_total": 720}, "Time": {"mean": 36.46241935483871, "std": 10.061852773892905, "q1": 30.51, "q2": 34.51, "q3": 39.51}, "Distance": {"mean": 19.38164110419128, "std": 2.5543919204917516, "q1": 17.39470146885582, "q2": 18.9914457552819, "q3": 21.009606038390167}, "Num_collision": {"mean": 0.0, "std": 0.0, "q1": 0.0, "q2": 0.0, "q3": 0.0}}