{"SR": {"ratio": 0.9527777777777777, "n_success": 686, "n_total": 720}, "Time": {"mean": 29.93930029154519, "std": 4.4266488690787895, "q1": 26.51, "q2": 29.01, "q3": 32.51}, "Distance": {"mean": 18.674536798317334, "std": 2.340996092018154, "q1": 16.92638076963803, "q2": 18.165651335739973, "q3": 20.063902227493863}, "Num_collision": {"mean": 0.0, "std": 0.0, "q1": 0.0, "q2": 0.0, "q3": 0.0}}