{"SR": {"ratio": 0.9875, "n_success": 711, "n_total": 720}, "Time": {"mean": 27.279338959212378, "std": 3.3340023778591976, "q1": 24.51, "q2": 27.01, "q3": 29.51}, "Distance": {"mean": 18.1737485738959, "std": 2.168680283266604, "q1": 16.421731845946805, "q2": 17.813112250004927, "q3": 19.53597150682806}, "Num_collision": {"mean": 0.0, "std": 0.0, "q1": 0.0, "q2": 0.0, "q3": 0.0}}