{"SR": {"ratio": 0.9958333333333333, "n_success": 717, "n_total": 720}, "Time": {"mean": 26.517670850767082, "std": 2.9466923068678117, "q1": 24.51, "q2": 26.01, "q3": 28.51}, "Distance": {"mean": 17.901507110953172, "std": 2.0522870364373826, "q1": 16.311714892075265, "q2": 17.443045205983534, "q3": 19.268236093314773}, "Num_collision": {"mean": 0.0, "std": 0.0, "q1": 0.0, "q2": 0.0, "q3": 0.0}}