{"SR": {"ratio": 0.7986111111111112, "n_success": 575, "n_total": 720}, "Time": {"mean": 32.77782608695652, "std": 4.8881853630634025, "q1": 29.01, "q2": 32.01, "q3": 35.51}, "Distance": {"mean": 19.322188654518662, "std": 2.3944764801949043, "q1": 17.489839386085478, "q2": 18.988356284157113, "q3": 20.89262409212153}, "Num_collision": {"mean": 0.0, "std": 0.0, "q1": 0.0, "q2": 0.0, "q3": 0.0}}