{"SR": {"ratio": 0.9097222222222222, "n_success": 655, "n_total": 720}, "Time": {"mean": 30.813053435114504, "std": 4.227065445387311, "q1": 27.51, "q2": 30.01, "q3": 33.01}, "Distance": {"mean": 19.038560451335133, "std": 2.3958968302460284, "q1": 17.231949061242645, "q2": 18.538884558200003, "q3": 20.609439182187312}, "Num_collision": {"mean": 0.0, "std": 0.0, "q1": 0.0, "q2": 0.0, "q3": 0.0}}