{"SR": {"ratio": 0.95, "n_success": 684, "n_total": 720}, "Time": {"mean": 29.37695906432748, "std": 3.528371490162745, "q1": 26.51, "q2": 28.76, "q3": 31.51}, "Distance": {"mean": 18.671440659796946, "std": 2.2257928365428112, "q1": 16.93364031685371, "q2": 18.22419225722455, "q3": 20.097158768842665}, "Num_collision": {"mean": 0.0, "std": 0.0, "q1": 0.0, "q2": 0.0, "q3": 0.0}}