{"SR": {"ratio": 0.9819444444444444, "n_success": 707, "n_total": 720}, "Time": {"mean": 28.59203677510608, "std": 3.3924664576465897, "q1": 26.01, "q2": 28.01, "q3": 31.01}, "Distance": {"mean": 18.322937258438778, "std": 2.145895192427501, "q1": 16.62747045695325, "q2": 17.88080977542745, "q3": 19.775245735275817}, "Num_collision": {"mean": 0.0, "std": 0.0, "q1": 0.0, "q2": 0.0, "q3": 0.0}}