{"SR": {"ratio": 0.8680555555555556, "n_success": 625, "n_total": 720}, "Time": {"mean": 34.3588, "std": 9.388926379517521, "q1": 28.51, "q2": 32.51, "q3": 38.01}, "Distance": {"mean": 19.067147111147975, "std": 2.4873128164911855, "q1": 17.05117847489014, "q2": 18.604642350986214, "q3": 20.709669624429395}, "Num_collision": {"mean": 0.0, "std": 0.0, "q1": 0.0, "q2": 0.0, "q3": 0.0}}