{"SR": {"ratio": 0.9708333333333333, "n_success": 699, "n_total": 720}, "Time": {"mean": 28.95992846924177, "std": 4.2276505676905485, "q1": 26.01, "q2": 28.01, "q3": 31.51}, "Distance": {"mean": 18.48021167352714, "std": 2.3309084808099376, "q1": 16.692216669812918, "q2": 17.951819760527886, "q3": 19.91675006241966}, "Num_collision": {"mean": 0.0, "std": 0.0, "q1": 0.0, "q2": 0.0, "q3": 0.0}}