{"SR": {"ratio": 0.9930555555555556, "n_success": 715, "n_total": 720}, "Time": {"mean": 26.817692307692305, "std": 3.1101700293744625, "q1": 24.51, "q2": 26.01, "q3": 29.01}, "Distance": {"mean": 18.05362685460392, "std": 2.133674833716289, "q1": 16.28741988197202, "q2": 17.61146746519344, "q3": 19.44511472823102}, "Num_collision": {"mean": 0.0, "std": 0.0, "q1": 0.0, "q2": 0.0, "q3": 0.0}}