{"SR": {"ratio": 1.0, "n_success": 720, "n_total": 720}, "Time": {"mean": 26.196111111111108, "std": 2.907500145961377, "q1": 24.01, "q2": 25.51, "q3": 28.01}, "Distance": {"mean": 17.806310266677873, "std": 2.032364708097023, "q1": 16.27868377528788, "q2": 17.323642342442035, "q3": 19.12110457623543}, "Num_collision": {"mean": 0.0, "std": 0.0, "q1": 0.0, "q2": 0.0, "q3": 0.0}}