{"SR": {"ratio": 0.9041666666666667, "n_success": 651, "n_total": 720}, "Time": {"mean": 35.10984639016896, "std": 9.891773023857406, "q1": 29.51, "q2": 33.51, "q3": 38.51}, "Distance": {"mean": 19.087138703971267, "std": 2.492855685025342, "q1": 17.154153941585946, "q2": 18.63480397095187, "q3": 20.68646959723063}, "Num_collision": {"mean": 0.0, "std": 0.0, "q1": 0.0, "q2": 0.0, "q3": 0.0}}