{"SR": {"ratio": 0.9791666666666666, "n_success": 705, "n_total": 720}, "Time": {"mean": 29.058226950354605, "std": 4.376737390982955, "q1": 26.01, "q2": 28.01, "q3": 31.51}, "Distance": {"mean": 18.503682579180172, "std": 2.3152632983989663, "q1": 16.750255614801162, "q2": 18.003617409631122, "q3": 19.925073164788785}, "Num_collision": {"mean": 0.0, "std": 0.0, "q1": 0.0, "q2": 0.0, "q3": 0.0}}