{"SR": {"ratio": 0.9944444444444445, "n_success": 716, "n_total": 720}, "Time": {"mean": 26.785139664804465, "std": 3.2152303161795937, "q1": 24.01, "q2": 26.01, "q3": 28.51}, "Distance": {"mean": 18.066985495414887, "std": 2.1365017470247976, "q1": 16.38935903618865, "q2": 17.636840619892354, "q3": 19.404566564287595}, "Num_collision": {"mean": 0.0, "std": 0.0, "q1": 0.0, "q2": 0.0, "q3": 0.0}}