{"SR": {"ratio": 1.0, "n_success": 720, "n_total": 720}, "Time": {"mean": 26.114861111111107, "std": 2.946828093737944, "q1": 24.01, "q2": 25.51, "q3": 28.01}, "Distance": {"mean": 17.78167405078333, "std": 2.039081650547539, "q1": 16.220582481404087, "q2": 17.327053465413016, "q3": 19.098430549103448}, "Num_collision": {"mean": 0.0, "std": 0.0, "q1": 0.0, "q2": 0.0, "q3": 0.0}}