{"SR": {"ratio": 0.9069444444444444, "n_success": 653, "n_total": 720}, "Time": {"mean": 34.736646248085755, "std": 7.439696962665824, "q1": 29.51, "q2": 33.51, "q3": 38.51}, "Distance": {"mean": 19.034876584283392, "std": 2.4051345664934938, "q1": 17.140781154186104, "q2": 18.58697944695625, "q3": 20.706271744336473}, "Num_collision": {"mean": 0.0, "std": 0.0, "q1": 0.0, "q2": 0.0, "q3": 0.0}}