{"SR": {"ratio": 0.975, "n_success": 702, "n_total": 720}, "Time": {"mean": 29.10544159544159, "std": 4.416300648130748, "q1": 26.01, "q2": 28.01, "q3": 31.51}, "Distance": {"mean": 18.518276498108463, "std": 2.348301600886964, "q1": 16.739297023565655, "q2": 18.05891110982033, "q3": 19.886893472700038}, "Num_collision": {"mean": 0.0, "std": 0.0, "q1": 0.0, "q2": 0.0, "q3": 0.0}}