{"SR": {"ratio": 0.9972222222222222, "n_success": 718, "n_total": 720}, "Time": {"mean": 26.784373259052924, "std": 3.201224623776883, "q1": 24.135, "q2": 26.01, "q3": 29.01}, "Distance": {"mean": 18.05876165816297, "std": 2.149702404005563, "q1": 16.374234788321427, "q2": 17.578666190168207, "q3": 19.428882844067754}, "Num_collision": {"mean": 0.0, "std": 0.0, "q1": 0.0, "q2": 0.0, "q3": 0.0}}