{"SR": {"ratio": 1.0, "n_success": 720, "n_total": 720}, "Time": {"mean": 26.082222222222217, "std": 2.9041982170558907, "q1": 24.01, "q2": 25.51, "q3": 28.01}, "Distance": {"mean": 17.772269712238185, "std": 2.033180327868283, "q1": 16.21275820404231, "q2": 17.292393158440593, "q3": 19.099061778362298}, "Num_collision": {"mean": 0.0, "std": 0.0, "q1": 0.0, "q2": 0.0, "q3": 0.0}}