{"Collision": {"success": 673, "fail": 79, "safe": 0.8949468085106383}, "No collision": {"success": 146, "fail": 2, "safe": 0.9864864864864865}}