{"Collision": {"success": 595, "fail": 38, "safe": 0.9399684044233807}, "No collision": {"success": 260, "fail": 7, "safe": 0.9737827715355806}}