{"Collision": {"success": 403, "fail": 11, "safe": 0.9734299516908212}, "No collision": {"success": 483, "fail": 3, "safe": 0.9938271604938271}}