{"Collision": {"success": 282, "fail": 5, "safe": 0.9825783972125436}, "No collision": {"success": 608, "fail": 5, "safe": 0.9918433931484503}}