{"SR": {"ratio": 0.8958333333333334, "n_success": 645, "n_total": 720}, "Time": {"mean": 34.97821705426356, "std": 9.51690445809536, "q1": 29.51, "q2": 33.51, "q3": 38.51}, "Distance": {"mean": 19.091825733427292, "std": 2.446689614070656, "q1": 17.160725493005447, "q2": 18.727653778474693, "q3": 20.601720440782636}, "Num_collision": {"mean": 0.0, "std": 0.0, "q1": 0.0, "q2": 0.0, "q3": 0.0}}