{"SR": {"ratio": 0.9875, "n_success": 711, "n_total": 720}, "Time": {"mean": 29.152756680731365, "std": 4.391489051069364, "q1": 26.01, "q2": 28.51, "q3": 32.01}, "Distance": {"mean": 18.529273131566516, "std": 2.3472463465676148, "q1": 16.759900840887838, "q2": 18.126556062887243, "q3": 19.856834480210182}, "Num_collision": {"mean": 0.0, "std": 0.0, "q1": 0.0, "q2": 0.0, "q3": 0.0}}