{"SR": {"ratio": 0.9972222222222222, "n_success": 718, "n_total": 720}, "Time": {"mean": 26.73493036211699, "std": 3.172484362227298, "q1": 24.01, "q2": 26.01, "q3": 28.51}, "Distance": {"mean": 18.04643283439201, "std": 2.131740173270176, "q1": 16.35720319071977, "q2": 17.59347579265885, "q3": 19.394131939323906}, "Num_collision": {"mean": 0.0, "std": 0.0, "q1": 0.0, "q2": 0.0, "q3": 0.0}}