{"SR": {"ratio": 1.0, "n_success": 720, "n_total": 720}, "Time": {"mean": 26.08847222222222, "std": 2.8741704888938644, "q1": 24.01, "q2": 25.51, "q3": 28.01}, "Distance": {"mean": 17.7723890869563, "std": 2.02883161044462, "q1": 16.202073855633678, "q2": 17.294036121557493, "q3": 19.077355873230637}, "Num_collision": {"mean": 0.0, "std": 0.0, "q1": 0.0, "q2": 0.0, "q3": 0.0}}