{"SR": {"ratio": 0.8333333333333334, "n_success": 600, "n_total": 720}, "Time": {"mean": 36.2175, "std": 9.857561923890376, "q1": 30.01, "q2": 34.01, "q3": 39.01}, "Distance": {"mean": 19.00513562615301, "std": 2.4420572157533624, "q1": 17.036563126189144, "q2": 18.65806067584262, "q3": 20.665431874555864}, "Num_collision": {"mean": 0.0, "std": 0.0, "q1": 0.0, "q2": 0.0, "q3": 0.0}}