{"SR": {"ratio": 0.9347222222222222, "n_success": 673, "n_total": 720}, "Time": {"mean": 30.514457652303115, "std": 8.799735460281786, "q1": 26.01, "q2": 29.01, "q3": 32.51}, "Distance": {"mean": 18.57135099613562, "std": 2.412718080842275, "q1": 16.787357886361857, "q2": 18.01035275436983, "q3": 20.028733904345128}, "Num_collision": {"mean": 0.0, "std": 0.0, "q1": 0.0, "q2": 0.0, "q3": 0.0}}