{"SR": {"ratio": 0.9722222222222222, "n_success": 700, "n_total": 720}, "Time": {"mean": 28.332857142857144, "std": 8.628899473423536, "q1": 24.51, "q2": 27.01, "q3": 30.01}, "Distance": {"mean": 18.17978451722535, "std": 2.2248297415291596, "q1": 16.4411053700009, "q2": 17.736669376655417, "q3": 19.545433270089347}, "Num_collision": {"mean": 0.0, "std": 0.0, "q1": 0.0, "q2": 0.0, "q3": 0.0}}