{"SR": {"ratio": 0.9625, "n_success": 693, "n_total": 720}, "Time": {"mean": 28.92486291486291, "std": 14.278283337059735, "q1": 24.01, "q2": 26.01, "q3": 29.01}, "Distance": {"mean": 17.988750803194215, "std": 2.2615852861477697, "q1": 16.26771721525876, "q2": 17.45554905150071, "q3": 19.2756910043968}, "Num_collision": {"mean": 0.0, "std": 0.0, "q1": 0.0, "q2": 0.0, "q3": 0.0}}