{"SR": {"ratio": 0.8736111111111111, "n_success": 629, "n_total": 720}, "Time": {"mean": 27.71508744038156, "std": 3.2306766187979346, "q1": 25.01, "q2": 27.01, "q3": 30.01}, "Distance": {"mean": 18.37860064187966, "std": 2.1235626429066334, "q1": 16.717914291545018, "q2": 18.008149919880843, "q3": 19.831515008393442}, "Num_collision": {"mean": 0.0, "std": 0.0, "q1": 0.0, "q2": 0.0, "q3": 0.0}}