{"SR": {"ratio": 0.9444444444444444, "n_success": 680, "n_total": 720}, "Time": {"mean": 27.45779411764705, "std": 3.3182642280301033, "q1": 25.01, "q2": 26.51, "q3": 29.51}, "Distance": {"mean": 18.343585715693536, "std": 2.2725538296024737, "q1": 16.55818651335193, "q2": 17.805597745917165, "q3": 19.678414638215834}, "Num_collision": {"mean": 0.0, "std": 0.0, "q1": 0.0, "q2": 0.0, "q3": 0.0}}