{"SR": {"ratio": 0.9722222222222222, "n_success": 700, "n_total": 720}, "Time": {"mean": 26.837857142857143, "std": 2.9898654498427284, "q1": 24.51, "q2": 26.01, "q3": 29.01}, "Distance": {"mean": 18.010729474163153, "std": 2.100239579530837, "q1": 16.32129205884184, "q2": 17.579322783869102, "q3": 19.449483254846182}, "Num_collision": {"mean": 0.0, "std": 0.0, "q1": 0.0, "q2": 0.0, "q3": 0.0}}