{"SR": {"ratio": 0.9777777777777777, "n_success": 704, "n_total": 720}, "Time": {"mean": 26.389971590909088, "std": 2.881319043599841, "q1": 24.01, "q2": 26.01, "q3": 28.51}, "Distance": {"mean": 17.749870342869468, "std": 2.023471254895515, "q1": 16.206755575397747, "q2": 17.268418547559513, "q3": 19.162992756535996}, "Num_collision": {"mean": 0.0, "std": 0.0, "q1": 0.0, "q2": 0.0, "q3": 0.0}}