{"SR": {"ratio": 0.8708333333333333, "n_success": 627, "n_total": 720}, "Time": {"mean": 34.438229665071766, "std": 7.883397685444467, "q1": 29.51, "q2": 33.01, "q3": 38.01}, "Distance": {"mean": 19.066033550179263, "std": 2.383726239509439, "q1": 17.13454299242234, "q2": 18.692662052871974, "q3": 20.584760280406158}, "Num_collision": {"mean": 0.0, "std": 0.0, "q1": 0.0, "q2": 0.0, "q3": 0.0}}