{"SR": {"ratio": 0.975, "n_success": 702, "n_total": 720}, "Time": {"mean": 29.07481481481481, "std": 4.173464698160158, "q1": 26.01, "q2": 28.01, "q3": 31.51}, "Distance": {"mean": 18.53794094424293, "std": 2.335322177192294, "q1": 16.844877473437464, "q2": 18.031686612231184, "q3": 19.97153698486118}, "Num_collision": {"mean": 0.0, "std": 0.0, "q1": 0.0, "q2": 0.0, "q3": 0.0}}