{"SR": {"ratio": 0.9958333333333333, "n_success": 717, "n_total": 720}, "Time": {"mean": 26.972343096234308, "std": 3.5898476216186634, "q1": 24.51, "q2": 26.51, "q3": 29.01}, "Distance": {"mean": 18.093250004953152, "std": 2.1377062853734365, "q1": 16.397355112658996, "q2": 17.649556781386387, "q3": 19.468396434057823}, "Num_collision": {"mean": 0.0, "std": 0.0, "q1": 0.0, "q2": 0.0, "q3": 0.0}}