{"SR": {"ratio": 0.9972222222222222, "n_success": 718, "n_total": 720}, "Time": {"mean": 26.24050139275766, "std": 2.957357573148311, "q1": 24.01, "q2": 25.51, "q3": 28.01}, "Distance": {"mean": 17.8287666679565, "std": 2.0441639265812954, "q1": 16.23985546365138, "q2": 17.317789674807656, "q3": 19.23186455164607}, "Num_collision": {"mean": 0.0, "std": 0.0, "q1": 0.0, "q2": 0.0, "q3": 0.0}}