{"SR": {"ratio": 0.9166666666666666, "n_success": 660, "n_total": 720}, "Time": {"mean": 37.00848484848485, "std": 9.717291560927533, "q1": 31.385, "q2": 35.26, "q3": 41.01}, "Distance": {"mean": 19.3048081912555, "std": 2.517371526681986, "q1": 17.351194255371393, "q2": 18.861974717534544, "q3": 20.805952866994122}, "Num_collision": {"mean": 0.0, "std": 0.0, "q1": 0.0, "q2": 0.0, "q3": 0.0}}