{"SR": {"ratio": 0.9763888888888889, "n_success": 703, "n_total": 720}, "Time": {"mean": 29.7575106685633, "std": 4.865098091121125, "q1": 26.01, "q2": 29.01, "q3": 32.51}, "Distance": {"mean": 18.57824727750139, "std": 2.352608969117788, "q1": 16.794716429336802, "q2": 18.106205445862294, "q3": 19.940859465218537}, "Num_collision": {"mean": 0.0, "std": 0.0, "q1": 0.0, "q2": 0.0, "q3": 0.0}}