{"SR": {"ratio": 0.9944444444444445, "n_success": 716, "n_total": 720}, "Time": {"mean": 26.968798882681558, "std": 3.240377798650579, "q1": 24.51, "q2": 26.51, "q3": 29.01}, "Distance": {"mean": 18.08999617335564, "std": 2.143492695603012, "q1": 16.429882207150744, "q2": 17.652692571317985, "q3": 19.39381801831274}, "Num_collision": {"mean": 0.0, "std": 0.0, "q1": 0.0, "q2": 0.0, "q3": 0.0}}