{"SR": {"ratio": 0.9986111111111111, "n_success": 719, "n_total": 720}, "Time": {"mean": 26.23253129346314, "std": 2.963593417296001, "q1": 24.01, "q2": 25.51, "q3": 28.51}, "Distance": {"mean": 17.79684392467364, "std": 2.031791873229761, "q1": 16.255142660339587, "q2": 17.292591529857837, "q3": 19.1118214209485}, "Num_collision": {"mean": 0.0, "std": 0.0, "q1": 0.0, "q2": 0.0, "q3": 0.0}}